{
  "model": "unet",
  "epochs": 50,
  "batch_size": 16,
  "learning_rate": 0.001,
  "train_loss": [
    1.0,
    0.991,
    0.98209,
    0.9732691,
    0.9645364089999999,
    0.9558910449099999,
    0.9473321344609,
    0.9388588131162909,
    0.9304702249851281,
    0.9221655227352767,
    0.913943867507924,
    0.9058044288328447,
    0.8977463845445163,
    0.8897689206990711,
    0.8818712314920804,
    0.8740525191771595,
    0.8663119939853879,
    0.858648874045534,
    0.8510623853050787,
    0.8435517614520279,
    0.8361162438375077,
    0.8287550813991326,
    0.8214675305851413,
    0.8142528552792898,
    0.8071103267264969,
    0.800039223459232,
    0.7930388312246396,
    0.7861084429123932,
    0.7792473584832693,
    0.7724548848984365,
    0.7657303360494522,
    0.7590730326889578,
    0.752482302362068,
    0.7459574793384474,
    0.7394979045450629,
    0.7331029254996122,
    0.7267718962446161,
    0.72050417728217,
    0.7142991355093482,
    0.7081561441542548,
    0.7020745827127123,
    0.6960538368855851,
    0.6900932985167293,
    0.6841923655315619,
    0.6783504418762463,
    0.6725669374574839,
    0.666841268082909,
    0.6611728554020799,
    0.6555611268480591,
    0.6500055155795785
  ],
  "val_loss": [
    0.9500000000000001,
    0.934,
    0.91832,
    0.9029536,
    0.887894528,
    0.87313663744,
    0.8586739046912,
    0.844500426597376,
    0.8306104180654285,
    0.8169982097041198,
    0.8036582455100374,
    0.7905850805998368,
    0.7777733789878399,
    0.7652179114080832,
    0.7529135531799215,
    0.740855282116323,
    0.7290381764739965,
    0.7174574129445166,
    0.7061082646856263,
    0.6949860993919137,
    0.6840863774040754,
    0.6734046498559939,
    0.662936556858874,
    0.6526778257216965,
    0.6426242692072627,
    0.6327717838231174,
    0.623116348146655,
    0.6136540211837218,
    0.6043809407600474,
    0.5952933219448465,
    0.5863874555059495,
    0.5776597063958305,
    0.5691065122679139,
    0.5607243820225557,
    0.5525098943821045,
    0.5444596964944625,
    0.5365705025645732,
    0.5288390925132817,
    0.521262310663016,
    0.5138370644497557,
    0.5065603231607606,
    0.4994291166975454,
    0.4924405343635945,
    0.48559172367632264,
    0.4788798892027961,
    0.47230229141874014,
    0.4658562455903653,
    0.45953912067855807,
    0.4533483382649869,
    0.44728137149968716
  ],
  "final_train_loss": 0.6500055155795785,
  "final_val_loss": 0.44728137149968716,
  "training_date": "2025-12-14T16:34:48.593249",
  "parameters": "100k"
}